Autor,Fecha,Hora,nrolikes,nrodislikes,nroComentarios,texto
An√≥nimo,"May 2, 2023",9:08 a.m.,17,11,46,Buenos Dias por favor a los nuevos aspirantes del sigro 2023 por favor unirse al grupo de admisiones https://chat.whatsapp.com/LNfEUvyTRrm9QJX10Ywmeu?fbclid=IwAR3IpDikDwX1hvsOgoBiAKZ0DtCMYidOjbP_e94v-bnD9NVVVfUSWxncXNQ
An√≥nimo,"May 1, 2023",1:40 p.m.,34,9,78,"Hola, quisiera hacer una confesion. La verdad es que me siento solo y me gustaria que alguien me escuche, aunque sea en un chat anonimo.Fui diagnosticado con TLP, depresion y dependencia emocional hace un mes mas o menos, y me mandaron medicacion a raiz de un problema serio con mi expareja. Ella me quiso denunciar por acoso y violencia de genero en el cual intervino tanto la familia de ella como la mia y varios abogados. Al final se llego a un acuerdo en el cual yo no podia acercarme y ella tampoco a mi. En ese momento quise terminar con todo, me llevaron a un hospital en donde estuve internado.El asunto es el siguiente; admito que yo la buscaba, pero ella tambien me escribia. En algunos casos parecia que habia una apertura para dialogar, pero en otros me insultaba y me echaba la culpa de todo lo malo. Me expresaba que su mama le hacia pleitos por mi, y en su trabajo la veian mal y que yo la enfermaba. En la ultima ocasion fue a principios de marzo en una conversacion de telefono me dijo que solo le he traido problemas a su vida, que ella no es mi mama para comprenderme, que puede hacerme expulsar de la Espol, que yo andaba con otras mujeres y que me muriera.Eso me devasto porque antes no era asi, aunque ella me ocultaba de los padres y la familia porque decia que eran problematicos. Yo me acuerdo las veces ibamos cogidos de la mano por el parque o la universidad. Como ella me habia regalado un corazon donde decia: ""Te quiero mucho"" escrito por su mano. Y sobre todo la primera vez que la conoci en mi fiesta de cumplea√±os, la verdad es que era la primera ocacion en que me celabraban mi cumple con amigos y no solo. Y por ultimo el regalo de un par de anillos y donde fuimos a una convencion de anime que hacian propuestas de matrimonio con musica y escenario.Aveces no puede evitar sentir remordimiento, yo iba detras de ella porque tenia fe en que todo saldria bien a pesar de las circunstancias. Era fe y solo fe lo que tenia en el fondo. Y se que tambien he cometido mis errores, he llegado a tener celos porque tenia miedo de que me traicionaran bien feo como me paso anteriormente. Pero yo enserio quise arreglar las cosas porque yo la amaba y lo menos que quiero es hacerle algun mal, sino todo lo contrario.Gracias por escucharme."
An√≥nimo,"April 29, 2023",7:05 p.m.,17,10,13,"Se que esto les parecera algo tonto para la mayoria de personas, pero ... tan solo quiero tener un noviazgo ahora que ya estoy en esta etapa Universitaria, nunca antes tuve una relacion amorosa en toda mi vida, ya que siempre he sido timido, ademas tengo miedo al enga√±o, hoy en dia es dificil confiar en una persona de coraz√≥n,  tengo una amiga que tiene una bonita relacion con su novio y a veces los veo y me da envidia porque yo tambien quisiera encontrar una persona que me quiera tal y como soy ü•≤, y en verdad solo me gustaria saber que se siente tener novia y vivir todas esas experiencias de ir a un parque, al cine, viajar, y sobre todo sentir un verdadero abrazo y un beso ü§ßüò¢"
An√≥nimo,"April 29, 2023",12:46 p.m.,11,8,91,"ME pueden ayudar con una excusa para que me acepten la tercera matr√≠cula, por favor necesito ayuda."
An√≥nimo,"April 28, 2023",10:56 a.m.,4,0,55,"Bueno para los que siguen Ing. naval,si tienen la oportunidad de cambiarse de carrera, no lo piensen y h√°ganlo! Aparte de las razones que ya conocen por lo que han vivido en las aulas de la facultad(materias se abren una vez al a√±o, no hay vocaci√≥n en la docencia, etc) , no hay amplia gama de oportunidades laborales.  "
An√≥nimo,"April 26, 2023",1:22 p.m.,0,0,40,"Confieso que necesito un ayudante para econom√©tria, buena paga!¬†"
An√≥nimo,"April 26, 2023",12:25 p.m.,4,4,97,"Confieso que en el 2022 conoc√≠ a un man que se com√≠a media Espol, el cual me encaprich√≥ su forma de ser y tuvo que terminar la aventurilla ya que yo estaba empezando a sentir cosas por √©l. Y me us√≥ despues de haberme mentido muchas cosas de su vida. Pero eso no es todo, qued√© con ese vac√≠o, con ese hueco por rellenar, con ese anhelo, que hasta que encontr√© un  ex amigo de √©l que lo conoc√≠a y que en el pasado se pelearon y nunca mas hablaron por como √©l era, resultamos tener demasiado en com√∫n o al menos lo sent√≠ as√≠, veniamos del mismo colegio, conociamos un culo de gente, nos gustaba mucho la musica, temas y etc pero nunca dej√≥ de tener pareja pese que yo ve√≠a como a veces pasaba mucho tiempo conmigo que con su pareja y que tenian problemas, pues ya yendo a la psic√≥loga entend√≠ el apego ansioso que traumas me han dejado, han sido 2 meses de terapia pese a que en realidad jamas ha hecho algo malo a mi o ilusionado simplemente porque convivi√≥ demasiado dir√≠a yo y me deje llevar de su compa√±√≠a que hasta de pronto de la nada desapareci√≥ lo del chico anterior pero ya me hab√≠a metido a otro hueco, bueno luego me le confes√© borrach y pos... a pesar de si ser un rechazo, me dijo que me queria y de haberlo sabido que estaba as√≠ de vulnerable hubiese abstenido de pasar mucho conmigo. La verdad no es santito del todo, peeo como amigo la verdad es el mejorrrrr. Hoy ya llevo 2 meses de contacto 0, no s√© NADA de √©l puesto que lo bloqui√©...y le mand√© perro testamento. Quisiera acercarme a que al menos tenerlo agg  pero a la vez siento que no es tiempo y me gustaria que √©l lo hiciera... :') hasta entonces me vaciar√© del amor que hab√≠a generado hacia √©l....‚ô°"
An√≥nimo,"April 26, 2023",4:44 a.m.,3,0,33,"Pues desde que sal√≠ de la universidad no he tenido mucha suerte que se diga. Consegu√≠ un empleo de casi 13 horas en una empresa lejos de mi casa. Me pagaban un poco m√°s que mis otros compa√±eros que trabajaban el mismo tiempo en otra empresa, pero la verdad no ten√≠a m√°s opciones en d√≥nde laborar. Ese trabajo consumi√≥ mucho de mi en el a√±o que pas√≥, mi jefa lleg√≥ a insultarme un d√≠a que sal√≠ de emergencia al hospital debido a un problema que mis compa√±eros no pudieron resolver. Tambi√©n trate de ingresar a una maestr√≠a, pero no s√© si mi jefa se haya enterado o no, que empez√≥ a dejarme el horario de la ma√±ana con lo cual me dificult√≥ mucho poder ir a una entrevista y me negaron la maestr√≠a a pesar de que ya hab√≠a invertido en ella. Decid√≠ renunciar hace unos d√≠as, se acercan de nuevo las postulaciones para maestr√≠a y cursos de certificaci√≥n, quer√≠a comenzar a estudiar con lo que hab√≠a ahorrado. En el fondo me siento mal, nadie lo sabe, pero la √∫nica raz√≥n por la que no me renunciaba a√∫n es porque conoc√≠ a alguien all√°. Esa persona me ayud√≥ bastante, y en su momento salimos, mas un d√≠a de la nada comenz√≥ a exigirme cosas y chantajearme y le dije que parar√°, nuestra relaci√≥n se fue al ca√±o. El d√≠a que renuncie me despide amargamente de esa persona.En el fondo quer√≠a a esa persona y admito que me alegraba muchas veces cuando estaba mal tras alg√∫n problema. Ya esa persona me dijo que se iba a buscar a alguien m√°s, y nada quedaron las cosas all√≠....Desde que paso todo eso no he podido dormir bien, casi no como y por m√°s que trato no puedo salir del encierro. A veces me gustar√≠a ser m√°s como mi yo de la universidad, que era m√°s feliz."
An√≥nimo,"April 26, 2023",12:28 a.m.,2,1,70,"Me llama la atenci√≥n la chica morena de mec√°nica, que est√° en el club de oratoria, por lo cual da discursos legendarios con su linda voz. La he visto con un compa√±ero altote de la carrera de Tony Stark, parecen que son novios. De cualquier forma espero tenga un lindo amor aunque no sea conmigo "
An√≥nimo,"April 24, 2023",5:18 p.m.,6,0,79,Confieso que estoy orgulloso de ser el cu√±ado del Admin confesionesüôè
An√≥nimo,"April 24, 2023",7:40 a.m.,16,2,2,Confieso que soy un joven de 26 a√±os y soy virgen. Tengo fobia de contraer alguna enfermedad de transmisi√≥n sexual.
An√≥nimo,"April 16, 2023",1:43 p.m.,1,4,33,"Hola a todos. Esto no es una confesi√≥n pero les va a interesar.Yo ofrezco servicios de asesor√≠a para estudiar en Alemania una maestr√≠a. Yo ya estoy estudiando aqu√≠ una maestr√≠a en ingl√©s. Si est√°s interesado, env√≠ame un correo a cesarnavarretea99@gmail.com"
An√≥nimo,"April 14, 2023",10:24 p.m.,2,0,17,üåªPara la chica que nos di√≥ clase de acuarela el semestre pasado en fadcom 
An√≥nimo,"April 3, 2023",7:09 p.m.,10,0,68,üîû
An√≥nimo,"March 25, 2023",8:23 p.m.,2,0,89,"#55502Creo que no entienden que el estudio y el lugar de estudio solo intentan reducir la incertidumbre en tu vida. No te garantizan el √©xito.La √∫nica raz√≥n por la que pagar√≠a en la universidad que se ""cae"" es por su colocaci√≥n de graduados en empresas multinacionales (no es coincidencia).Deben tener dos cosas en claro:Tu futuro depende de tus decisiones y de todo el capital generacional que tengas (padres con mejores ingresos y estudios influyen en tu √©xito).Mejores promedios, mejores habilidades para relacionares, mayor dominio en su rama de estudio (el 99.9% de las veces no es ninguno de los mejores promedios) tendr√°n m√°s y mejores oportunidades que el resto y est√° bien. Siempre existir√°, el que sin ser parte del grupo previamente mencionado tuvo suerte, se cruz√≥ con una oportunidad, no la desaprovecho y termina en una buena posici√≥n (mis asistentes de investigaci√≥n en cada una de las facultades saben de lo que hablo)El cart√≥n del senescyt est√° sobrevalorado gracias a la incompetencia del personal de Recursos Humanos local y de eso te das cuenta cuando participas en procesos de selecci√≥n con empresas del extranjero.Si solo cuentas con el t√≠tulo pues es normal que te quieran pagar $500 porque no logras nada con una experiencia de pasante o sabiendo excel intermedio. Cada cargo requiere experiencia y habilidades que como ser humano racional debes aprender por tu propia cuenta (como vas a confiarle estar preparado a gente que no topa el mercado laboral desde su escritorio).Recuerdo claramente una de mis entrevistas para cambiar de trabajo. Yo ven√≠a desde pasante y ganaba ~600 con tres a√±os de experiencia, sin maestr√≠a, decenas de libros le√≠dos y practicados para mejorar mis habilidades y conocimientos, 3 cursos top con programas de universidades top 5, ahorrandoles a la empresa miles de dolares en gastos y generando decenas de miles de dolares en ingresos usando esos concimientos (era una empresa peque√±a). La persona de RRHH de la empresa contratante (top 3 en su actividad) me dijo de frente ""cuando el gerente te pregunte por el sueldo, dile 1500"" haya por el 2018. Yo con 22 a√±os me qued√© sin palabras, al entender que todo lo que pod√≠a hacer val√≠a m√°s de lo que me pagaban o ganaban mis amigos.Si no eres el mejor, debes prepararte m√°s y no bajar los brazos y por sobre todo nunca conformarte. Otra es aprender a lidiar con el rechazo. Una vez no me contrataron porque sab√≠a m√°s que el personaje que iban a ascender (y a mi me tocaba ocupar su puesto) o porque por mi personalidad (educadamente) expliqu√© al gerente (y tiene podcast para rematar) que su proyecto que orgullosamente usaba para decirme lo que buscaba (si les contara) estaba mal estructurado y era un juego de ni√±os para lo que yo pod√≠a hacer en aquel entonces."
An√≥nimo,"March 24, 2023",4:34 a.m.,0,0,55,"Hab√≠a un par de gemelas, Katiuska y Romina. Yo sol√≠a ir a ingl√©s con una de ellas, me gustaba pero nunca le dije nada jaja, sin embargo, cuando conoc√≠ a su hermana, a pesar de ser gemelas, me gustaba m√°s todav√≠a, y claro, como soy t√≠mido, nunca dije nada xD. Cuando lleg√≥ la pandemia me dije, ""cuando vuelva debo hacer algo al respecto, no puedo seguir disimulando""... Pero luego por motivos random me tuve que venir a vivir a espa√±a y nunca ni siquiera le dirig√≠ la palabra a su hermana, es decir, nunca siquiera supo mi nombre dir√≠a yo jaja. Ahora la que me gustaba primero tiene un hijo y la que me termin√≥ robando en cora esta libre. Siempre me arrepentir√© de no haberle dicho nada."
An√≥nimo,"March 18, 2023",10:05 p.m.,1,0,35,"No soy de la Espol. Pero me enamor√© de uno de sus docentes y director m√°s joven de su U. Eramos amigos durante muchos a√±os, a veces coqueteabamos pero nunca pas√≥ nada, en un punto le rob√© un beso porque me atra√≠a bastante, pero despu√©s de ese beso no lo vi durante mucho tiempo, entonces, lleg√≥ pandemia y nos volvimos a encontrar, rompimos muchos l√≠mites y tontamente me enamor√© de √©l, pero √©l no de m√≠. En fin, la √∫ltima vez que nos vimos hicimos tantas promesas, aunque yo siempre supe que era nuestra despedida, nos mudabamos lejos. Pues bueno, obviamente las promesas no se cumplieron, nosotros dejamos de hablar, cada uno tiene su vida. Y yo estoy aqu√≠ arrepentida de haber cruzado esos l√≠mites, perd√≠ un gran amigo, perd√≠ al hombre que admir√© durante a√±os, y desperdicie mi cari√±o. Moraleja : Si tienen a alguien que admiran y que es su amigo, nunca pero nunca crucen los l√≠mites porque es muy dif√≠cil superar a ese tipo de personas. "
An√≥nimo,"March 18, 2023",5:06 p.m.,2,0,8,"Saben creo que me falla mi lesbiradar porque no s√© c√≥mo identificarnos dentro de la u, a veces quisiera coquetear con alguna chica pero no quisiera llegar a incomodarla , ya s√© que usar tinder y esas cosas es lo m√°s recomendable pero no podr√≠amos conocernos como cualquier otra pareja dentro de la u? ü´†"
An√≥nimo,"March 17, 2023",5:01 p.m.,0,0,3,Me sorprende la cantidad de infieles que hay en la universidad y no sienten ninguna culpa cuando se van a comer a otra pelada teniendo a sus novias en otro Cant√≥n o provincia ü§´
An√≥nimo,"March 17, 2023",1:05 p.m.,1,0,30,Hace no mucho empec√© a ir al gym de estudiantes y conoc√≠ a varias personas.So.. tengo un gym crush.Al inicio cre√≠ que yo le gustaba pero ya no me presta atenci√≥n y le he escrito algunas veces pero no quiero ser intensa :c üíîPor qu√© son as√≠? :CTodos los d√≠as estoy pendiente a ver si llega y me da coraje conmigo misma jajaja.
An√≥nimo,"March 13, 2023",9:40 p.m.,0,0,73,"Me gustar√≠a hacer amigos con estudiantes de dise√±o de producto, me parece por alg√∫n interesante al ver la malla."
An√≥nimo,"March 7, 2023",2:23 a.m.,0,0,9,arreglen
An√≥nimo,"March 5, 2023",3:42 a.m.,0,0,4,:v 999 666
An√≥nimo,"March 3, 2023",7:23 p.m.,0,0,39,"Saludos, alg√∫n consejo o recomendaci√≥n, soy graduado y pues estoy en b√∫squeda de empleo desde hace ya buen tiempo, el problema es que me falta experiencia profesional y pues la mayor√≠a de empresas solo piden gente con 2, 3, 4... a√±os de experiencia o pasantes (con carta de la universidad para no pagarles) , ni un puesto de practicante o algo para ir agarrando experiencia :(En fin, de antemano les agradezco sus consejos y que tengan lindas vacaciones. Pdta. nunca les hagan caso a sus consejeros acad√©micos, agarren pocas materias y busquense un trabajito de medio tiempo, aprovechen que hay pasantias por toneladas aunque si hay roedores que te van a decir que las pasantias no cuentan como experiencia profesional."
An√≥nimo,"March 3, 2023",7:21 p.m.,1,0,11,"No entiendo porqu√© ya siendo Viernes no suben las notas del examen del Lunes, ya quiero saber si pas√© o no pas√©, ya quiero estar en paz, disfrutar de mis vacaciones, y si me qued√© bueno, trabajar para pagar la matr√≠cula pero ya pues, deber√≠an subir las notas, acaben con mi agon√≠a."
An√≥nimo,"March 2, 2023",2:23 a.m.,1,0,49,"Hola quiero confesar que ya iba para 5to semestre en la espol pero estoy pensando en botarme (casi segur@), lo he pensado mucho porque hice buenas amistades de diferentes carreras, vacile, fui a fiestas, pero sentia un vac√≠o con mi carrera, me frustraba ver c√≥mo mis dem√°s compa√±eros de las carreras les iba mejor o entend√≠an m√°s porque a ellos les gustaba, me di cuenta que a mi no me motivaba lo que segu√≠a, el anterior semestre fue de prueba para ver lo que sent√≠a, justo al finalizar el semestre conoci a una chica super linda y humor como el mio, estuve a punto de seguir con mi ciclo vicioso de la carrera por ella, para verla, pero gracias a que me ghosteaste un buen rato, abri los ojos de que no hacia lo correcto por mi, todavia me gustas guapa pero me la saco, espero igual tengamos oportunidad, buscare oportunidades en el exterior, ya que latam vale verg, suerte a todos, todas mienten¬†"
An√≥nimo,"Feb. 27, 2023",1:15 p.m.,0,0,39,"Mi novia tiene la galleta rancia :'v , como se lo digo ? :'v"
An√≥nimo,"Feb. 27, 2023",1:14 p.m.,0,0,99,:v
An√≥nimo,"Feb. 26, 2023",1:18 p.m.,4,0,57,"Estos novatos que se desesperan por entrar a la Espol , mejor eligan otra universidad o instituto tecnologico que les permitan estudiar en la noche , ya que de esta forma podran ir adquiriendo experiencia laboral hasta culminar la carrera , ya que la experiencia es lo mas importante a la hora de encontrar empleo , pilas :v"
An√≥nimo,"Feb. 25, 2023",9:16 p.m.,4,0,75,"Mi  confesi√≥n es  que  perd√≠  la  virginidad  a  los  11  a√±os  no se   si  decir  que  fue  lo  mejor  o lo  peor  que  me  halla  pasado  la  cosa  es  que   yo   tengo unos  amigos  que  los  vamos  a  llamar  G,S  y  T   bueno  era  un  d√≠a  normal como  cualquier  otro  yo estaba  jugando  con  ellos  y  de  la  nada  me  digieron  para  ir  a  hacer  el  frutifantastico  y  yo acepte  al principio no  me  gusto  pero luego  me gusto  mas  de  lo  normal  ahora   lo  quiero  volver  a intentarlo,  y  todo  esto  me   paso  ayer XD   "
